<?xml version="1.0" encoding="UTF-8"?>
<!-- MIPAV VOI file -->
<VOI xmlns:xsi="http://www.w3.org/2001/XMLSchema-instance">
	<Unique-ID>216351488</Unique-ID>
	<Curve-type>0</Curve-type>
	<Color>255,255,0,0</Color>
	<Thickness>1</Thickness>
	<Contour>
		<Slice-number>9</Slice-number>
		<Pt>111.0,151.0</Pt>
		<Pt>112.0,151.0</Pt>
		<Pt>112.0,152.0</Pt>
		<Pt>113.0,152.0</Pt>
		<Pt>113.0,154.0</Pt>
		<Pt>111.0,154.0</Pt>
		<Pt>111.0,152.0</Pt>
	</Contour>
	<Contour>
		<Slice-number>9</Slice-number>
		<Pt>108.0,155.0</Pt>
		<Pt>110.0,155.0</Pt>
		<Pt>110.0,156.0</Pt>
		<Pt>109.0,156.0</Pt>
		<Pt>108.0,156.0</Pt>
	</Contour>
	<Contour>
		<Slice-number>9</Slice-number>
		<Pt>97.0,160.0</Pt>
		<Pt>104.0,160.0</Pt>
		<Pt>104.0,161.0</Pt>
		<Pt>106.0,161.0</Pt>
		<Pt>106.0,164.0</Pt>
		<Pt>105.0,164.0</Pt>
		<Pt>105.0,165.0</Pt>
		<Pt>104.0,165.0</Pt>
		<Pt>104.0,164.0</Pt>
		<Pt>101.0,164.0</Pt>
		<Pt>101.0,163.0</Pt>
		<Pt>100.0,163.0</Pt>
		<Pt>100.0,162.0</Pt>
		<Pt>99.0,162.0</Pt>
		<Pt>99.0,161.0</Pt>
		<Pt>98.0,161.0</Pt>
		<Pt>98.0,162.0</Pt>
		<Pt>97.0,162.0</Pt>
		<Pt>97.0,161.0</Pt>
	</Contour>
	<Contour>
		<Slice-number>10</Slice-number>
		<Pt>109.0,150.0</Pt>
		<Pt>110.0,150.0</Pt>
		<Pt>110.0,151.0</Pt>
		<Pt>111.0,151.0</Pt>
		<Pt>111.0,152.0</Pt>
		<Pt>112.0,152.0</Pt>
		<Pt>112.0,153.0</Pt>
		<Pt>113.0,153.0</Pt>
		<Pt>113.0,155.0</Pt>
		<Pt>114.0,155.0</Pt>
		<Pt>114.0,157.0</Pt>
		<Pt>113.0,157.0</Pt>
		<Pt>113.0,158.0</Pt>
		<Pt>110.0,158.0</Pt>
		<Pt>110.0,160.0</Pt>
		<Pt>109.0,160.0</Pt>
		<Pt>109.0,161.0</Pt>
		<Pt>107.0,161.0</Pt>
		<Pt>107.0,162.0</Pt>
		<Pt>106.0,162.0</Pt>
		<Pt>106.0,164.0</Pt>
		<Pt>103.0,164.0</Pt>
		<Pt>103.0,165.0</Pt>
		<Pt>101.0,165.0</Pt>
		<Pt>101.0,167.0</Pt>
		<Pt>100.0,167.0</Pt>
		<Pt>100.0,169.0</Pt>
		<Pt>98.0,169.0</Pt>
		<Pt>98.0,170.0</Pt>
		<Pt>96.0,170.0</Pt>
		<Pt>96.0,169.0</Pt>
		<Pt>95.0,169.0</Pt>
		<Pt>95.0,168.0</Pt>
		<Pt>93.0,168.0</Pt>
		<Pt>93.0,167.0</Pt>
		<Pt>92.0,167.0</Pt>
		<Pt>92.0,166.0</Pt>
		<Pt>91.0,166.0</Pt>
		<Pt>91.0,165.0</Pt>
		<Pt>90.0,165.0</Pt>
		<Pt>90.0,160.0</Pt>
		<Pt>92.0,160.0</Pt>
		<Pt>92.0,159.0</Pt>
		<Pt>95.0,159.0</Pt>
		<Pt>95.0,158.0</Pt>
		<Pt>96.0,158.0</Pt>
		<Pt>96.0,157.0</Pt>
		<Pt>97.0,157.0</Pt>
		<Pt>97.0,156.0</Pt>
		<Pt>100.0,156.0</Pt>
		<Pt>100.0,157.0</Pt>
		<Pt>101.0,157.0</Pt>
		<Pt>101.0,158.0</Pt>
		<Pt>103.0,158.0</Pt>
		<Pt>103.0,159.0</Pt>
		<Pt>105.0,159.0</Pt>
		<Pt>105.0,160.0</Pt>
		<Pt>107.0,160.0</Pt>
		<Pt>107.0,159.0</Pt>
		<Pt>108.0,159.0</Pt>
		<Pt>108.0,157.0</Pt>
		<Pt>107.0,157.0</Pt>
		<Pt>107.0,156.0</Pt>
		<Pt>106.0,156.0</Pt>
		<Pt>106.0,154.0</Pt>
		<Pt>107.0,154.0</Pt>
		<Pt>107.0,153.0</Pt>
		<Pt>109.0,153.0</Pt>
		<Pt>109.0,151.0</Pt>
	</Contour>
	<Contour>
		<Slice-number>11</Slice-number>
		<Pt>98.0,143.0</Pt>
		<Pt>102.0,143.0</Pt>
		<Pt>102.0,144.0</Pt>
		<Pt>101.0,144.0</Pt>
		<Pt>101.0,145.0</Pt>
		<Pt>100.0,145.0</Pt>
		<Pt>100.0,147.0</Pt>
		<Pt>101.0,147.0</Pt>
		<Pt>101.0,148.0</Pt>
		<Pt>104.0,148.0</Pt>
		<Pt>104.0,147.0</Pt>
		<Pt>108.0,147.0</Pt>
		<Pt>108.0,148.0</Pt>
		<Pt>109.0,148.0</Pt>
		<Pt>109.0,149.0</Pt>
		<Pt>111.0,149.0</Pt>
		<Pt>111.0,150.0</Pt>
		<Pt>112.0,150.0</Pt>
		<Pt>112.0,151.0</Pt>
		<Pt>113.0,151.0</Pt>
		<Pt>113.0,152.0</Pt>
		<Pt>114.0,152.0</Pt>
		<Pt>114.0,154.0</Pt>
		<Pt>115.0,154.0</Pt>
		<Pt>115.0,156.0</Pt>
		<Pt>116.0,156.0</Pt>
		<Pt>116.0,154.0</Pt>
		<Pt>117.0,154.0</Pt>
		<Pt>117.0,150.0</Pt>
		<Pt>118.0,150.0</Pt>
		<Pt>118.0,151.0</Pt>
		<Pt>119.0,151.0</Pt>
		<Pt>119.0,156.0</Pt>
		<Pt>118.0,156.0</Pt>
		<Pt>118.0,157.0</Pt>
		<Pt>117.0,157.0</Pt>
		<Pt>117.0,158.0</Pt>
		<Pt>114.0,158.0</Pt>
		<Pt>114.0,159.0</Pt>
		<Pt>111.0,159.0</Pt>
		<Pt>111.0,160.0</Pt>
		<Pt>110.0,160.0</Pt>
		<Pt>110.0,161.0</Pt>
		<Pt>109.0,161.0</Pt>
		<Pt>109.0,163.0</Pt>
		<Pt>108.0,163.0</Pt>
		<Pt>108.0,164.0</Pt>
		<Pt>107.0,164.0</Pt>
		<Pt>107.0,166.0</Pt>
		<Pt>108.0,166.0</Pt>
		<Pt>108.0,168.0</Pt>
		<Pt>106.0,168.0</Pt>
		<Pt>106.0,170.0</Pt>
		<Pt>107.0,170.0</Pt>
		<Pt>107.0,171.0</Pt>
		<Pt>108.0,171.0</Pt>
		<Pt>108.0,172.0</Pt>
		<Pt>109.0,172.0</Pt>
		<Pt>109.0,173.0</Pt>
		<Pt>110.0,173.0</Pt>
		<Pt>110.0,174.0</Pt>
		<Pt>111.0,174.0</Pt>
		<Pt>111.0,178.0</Pt>
		<Pt>112.0,178.0</Pt>
		<Pt>112.0,181.0</Pt>
		<Pt>109.0,181.0</Pt>
		<Pt>109.0,180.0</Pt>
		<Pt>107.0,180.0</Pt>
		<Pt>107.0,181.0</Pt>
		<Pt>104.0,181.0</Pt>
		<Pt>104.0,182.0</Pt>
		<Pt>103.0,182.0</Pt>
		<Pt>103.0,183.0</Pt>
		<Pt>102.0,183.0</Pt>
		<Pt>102.0,178.0</Pt>
		<Pt>95.0,178.0</Pt>
		<Pt>95.0,177.0</Pt>
		<Pt>94.0,177.0</Pt>
		<Pt>94.0,176.0</Pt>
		<Pt>93.0,176.0</Pt>
		<Pt>93.0,175.0</Pt>
		<Pt>92.0,175.0</Pt>
		<Pt>92.0,174.0</Pt>
		<Pt>91.0,174.0</Pt>
		<Pt>91.0,173.0</Pt>
		<Pt>90.0,173.0</Pt>
		<Pt>90.0,172.0</Pt>
		<Pt>89.0,172.0</Pt>
		<Pt>89.0,171.0</Pt>
		<Pt>88.0,171.0</Pt>
		<Pt>88.0,170.0</Pt>
		<Pt>87.0,170.0</Pt>
		<Pt>87.0,167.0</Pt>
		<Pt>86.0,167.0</Pt>
		<Pt>86.0,164.0</Pt>
		<Pt>85.0,164.0</Pt>
		<Pt>85.0,163.0</Pt>
		<Pt>84.0,163.0</Pt>
		<Pt>84.0,160.0</Pt>
		<Pt>87.0,160.0</Pt>
		<Pt>87.0,159.0</Pt>
		<Pt>89.0,159.0</Pt>
		<Pt>89.0,160.0</Pt>
		<Pt>92.0,160.0</Pt>
		<Pt>92.0,159.0</Pt>
		<Pt>94.0,159.0</Pt>
		<Pt>94.0,158.0</Pt>
		<Pt>97.0,158.0</Pt>
		<Pt>97.0,157.0</Pt>
		<Pt>99.0,157.0</Pt>
		<Pt>99.0,154.0</Pt>
		<Pt>100.0,154.0</Pt>
		<Pt>100.0,153.0</Pt>
		<Pt>102.0,153.0</Pt>
		<Pt>102.0,154.0</Pt>
		<Pt>103.0,154.0</Pt>
		<Pt>103.0,155.0</Pt>
		<Pt>104.0,155.0</Pt>
		<Pt>104.0,154.0</Pt>
		<Pt>105.0,154.0</Pt>
		<Pt>105.0,152.0</Pt>
		<Pt>101.0,152.0</Pt>
		<Pt>101.0,151.0</Pt>
		<Pt>100.0,151.0</Pt>
		<Pt>100.0,152.0</Pt>
		<Pt>95.0,152.0</Pt>
		<Pt>95.0,151.0</Pt>
		<Pt>94.0,151.0</Pt>
		<Pt>94.0,146.0</Pt>
		<Pt>95.0,146.0</Pt>
		<Pt>95.0,145.0</Pt>
		<Pt>97.0,145.0</Pt>
		<Pt>97.0,144.0</Pt>
		<Pt>98.0,144.0</Pt>
	</Contour>
	<Contour>
		<Slice-number>12</Slice-number>
		<Pt>103.0,138.0</Pt>
		<Pt>105.0,138.0</Pt>
		<Pt>105.0,139.0</Pt>
		<Pt>106.0,139.0</Pt>
		<Pt>106.0,141.0</Pt>
		<Pt>107.0,141.0</Pt>
		<Pt>107.0,142.0</Pt>
		<Pt>110.0,142.0</Pt>
		<Pt>110.0,145.0</Pt>
		<Pt>109.0,145.0</Pt>
		<Pt>109.0,146.0</Pt>
		<Pt>108.0,146.0</Pt>
		<Pt>108.0,147.0</Pt>
		<Pt>111.0,147.0</Pt>
		<Pt>111.0,150.0</Pt>
		<Pt>114.0,150.0</Pt>
		<Pt>114.0,148.0</Pt>
		<Pt>113.0,148.0</Pt>
		<Pt>113.0,147.0</Pt>
		<Pt>112.0,147.0</Pt>
		<Pt>112.0,144.0</Pt>
		<Pt>115.0,144.0</Pt>
		<Pt>115.0,145.0</Pt>
		<Pt>116.0,145.0</Pt>
		<Pt>116.0,148.0</Pt>
		<Pt>117.0,148.0</Pt>
		<Pt>117.0,154.0</Pt>
		<Pt>118.0,154.0</Pt>
		<Pt>118.0,155.0</Pt>
		<Pt>117.0,155.0</Pt>
		<Pt>117.0,156.0</Pt>
		<Pt>115.0,156.0</Pt>
		<Pt>115.0,157.0</Pt>
		<Pt>114.0,157.0</Pt>
		<Pt>114.0,158.0</Pt>
		<Pt>115.0,158.0</Pt>
		<Pt>115.0,159.0</Pt>
		<Pt>116.0,159.0</Pt>
		<Pt>116.0,161.0</Pt>
		<Pt>115.0,161.0</Pt>
		<Pt>115.0,162.0</Pt>
		<Pt>114.0,162.0</Pt>
		<Pt>114.0,165.0</Pt>
		<Pt>113.0,165.0</Pt>
		<Pt>113.0,167.0</Pt>
		<Pt>114.0,167.0</Pt>
		<Pt>114.0,169.0</Pt>
		<Pt>115.0,169.0</Pt>
		<Pt>115.0,171.0</Pt>
		<Pt>116.0,171.0</Pt>
		<Pt>116.0,172.0</Pt>
		<Pt>115.0,172.0</Pt>
		<Pt>115.0,173.0</Pt>
		<Pt>114.0,173.0</Pt>
		<Pt>114.0,175.0</Pt>
		<Pt>115.0,175.0</Pt>
		<Pt>115.0,176.0</Pt>
		<Pt>116.0,176.0</Pt>
		<Pt>116.0,179.0</Pt>
		<Pt>115.0,179.0</Pt>
		<Pt>115.0,180.0</Pt>
		<Pt>114.0,180.0</Pt>
		<Pt>114.0,182.0</Pt>
		<Pt>113.0,182.0</Pt>
		<Pt>113.0,186.0</Pt>
		<Pt>112.0,186.0</Pt>
		<Pt>112.0,189.0</Pt>
		<Pt>111.0,189.0</Pt>
		<Pt>111.0,190.0</Pt>
		<Pt>109.0,190.0</Pt>
		<Pt>109.0,189.0</Pt>
		<Pt>108.0,189.0</Pt>
		<Pt>108.0,188.0</Pt>
		<Pt>107.0,188.0</Pt>
		<Pt>107.0,187.0</Pt>
		<Pt>104.0,187.0</Pt>
		<Pt>104.0,186.0</Pt>
		<Pt>101.0,186.0</Pt>
		<Pt>101.0,185.0</Pt>
		<Pt>100.0,185.0</Pt>
		<Pt>100.0,184.0</Pt>
		<Pt>99.0,184.0</Pt>
		<Pt>99.0,182.0</Pt>
		<Pt>98.0,182.0</Pt>
		<Pt>98.0,180.0</Pt>
		<Pt>94.0,180.0</Pt>
		<Pt>94.0,179.0</Pt>
		<Pt>93.0,179.0</Pt>
		<Pt>93.0,178.0</Pt>
		<Pt>92.0,178.0</Pt>
		<Pt>92.0,177.0</Pt>
		<Pt>91.0,177.0</Pt>
		<Pt>91.0,175.0</Pt>
		<Pt>89.0,175.0</Pt>
		<Pt>89.0,174.0</Pt>
		<Pt>88.0,174.0</Pt>
		<Pt>88.0,173.0</Pt>
		<Pt>87.0,173.0</Pt>
		<Pt>87.0,170.0</Pt>
		<Pt>86.0,170.0</Pt>
		<Pt>86.0,168.0</Pt>
		<Pt>85.0,168.0</Pt>
		<Pt>85.0,167.0</Pt>
		<Pt>84.0,167.0</Pt>
		<Pt>84.0,165.0</Pt>
		<Pt>83.0,165.0</Pt>
		<Pt>83.0,161.0</Pt>
		<Pt>82.0,161.0</Pt>
		<Pt>82.0,160.0</Pt>
		<Pt>83.0,160.0</Pt>
		<Pt>83.0,159.0</Pt>
		<Pt>86.0,159.0</Pt>
		<Pt>86.0,160.0</Pt>
		<Pt>87.0,160.0</Pt>
		<Pt>87.0,161.0</Pt>
		<Pt>89.0,161.0</Pt>
		<Pt>89.0,160.0</Pt>
		<Pt>90.0,160.0</Pt>
		<Pt>90.0,159.0</Pt>
		<Pt>92.0,159.0</Pt>
		<Pt>92.0,158.0</Pt>
		<Pt>94.0,158.0</Pt>
		<Pt>94.0,156.0</Pt>
		<Pt>93.0,156.0</Pt>
		<Pt>93.0,155.0</Pt>
		<Pt>92.0,155.0</Pt>
		<Pt>92.0,154.0</Pt>
		<Pt>93.0,154.0</Pt>
		<Pt>93.0,152.0</Pt>
		<Pt>92.0,152.0</Pt>
		<Pt>92.0,151.0</Pt>
		<Pt>93.0,151.0</Pt>
		<Pt>93.0,148.0</Pt>
		<Pt>92.0,148.0</Pt>
		<Pt>92.0,147.0</Pt>
		<Pt>91.0,147.0</Pt>
		<Pt>91.0,146.0</Pt>
		<Pt>92.0,146.0</Pt>
		<Pt>92.0,145.0</Pt>
		<Pt>93.0,145.0</Pt>
		<Pt>93.0,144.0</Pt>
		<Pt>95.0,144.0</Pt>
		<Pt>95.0,143.0</Pt>
		<Pt>96.0,143.0</Pt>
		<Pt>96.0,142.0</Pt>
		<Pt>98.0,142.0</Pt>
		<Pt>98.0,139.0</Pt>
		<Pt>100.0,139.0</Pt>
		<Pt>100.0,140.0</Pt>
		<Pt>101.0,140.0</Pt>
		<Pt>101.0,141.0</Pt>
		<Pt>102.0,141.0</Pt>
		<Pt>102.0,139.0</Pt>
		<Pt>103.0,139.0</Pt>
	</Contour>
	<Contour>
		<Slice-number>12</Slice-number>
		<Pt>119.0,150.0</Pt>
		<Pt>120.0,150.0</Pt>
		<Pt>120.0,151.0</Pt>
		<Pt>121.0,151.0</Pt>
		<Pt>121.0,154.0</Pt>
		<Pt>119.0,154.0</Pt>
		<Pt>119.0,151.0</Pt>
	</Contour>
	<Contour>
		<Slice-number>12</Slice-number>
		<Pt>124.0,174.0</Pt>
		<Pt>125.0,174.0</Pt>
		<Pt>125.0,175.0</Pt>
		<Pt>124.0,175.0</Pt>
	</Contour>
	<Contour>
		<Slice-number>13</Slice-number>
		<Pt>104.0,139.0</Pt>
		<Pt>110.0,139.0</Pt>
		<Pt>110.0,140.0</Pt>
		<Pt>111.0,140.0</Pt>
		<Pt>111.0,139.0</Pt>
		<Pt>113.0,139.0</Pt>
		<Pt>113.0,141.0</Pt>
		<Pt>114.0,141.0</Pt>
		<Pt>114.0,142.0</Pt>
		<Pt>115.0,142.0</Pt>
		<Pt>115.0,144.0</Pt>
		<Pt>116.0,144.0</Pt>
		<Pt>116.0,145.0</Pt>
		<Pt>119.0,145.0</Pt>
		<Pt>119.0,146.0</Pt>
		<Pt>120.0,146.0</Pt>
		<Pt>120.0,147.0</Pt>
		<Pt>123.0,147.0</Pt>
		<Pt>123.0,148.0</Pt>
		<Pt>122.0,148.0</Pt>
		<Pt>122.0,149.0</Pt>
		<Pt>120.0,149.0</Pt>
		<Pt>120.0,152.0</Pt>
		<Pt>121.0,152.0</Pt>
		<Pt>121.0,153.0</Pt>
		<Pt>123.0,153.0</Pt>
		<Pt>123.0,154.0</Pt>
		<Pt>124.0,154.0</Pt>
		<Pt>124.0,155.0</Pt>
		<Pt>126.0,155.0</Pt>
		<Pt>126.0,158.0</Pt>
		<Pt>122.0,158.0</Pt>
		<Pt>122.0,157.0</Pt>
		<Pt>121.0,157.0</Pt>
		<Pt>121.0,158.0</Pt>
		<Pt>120.0,158.0</Pt>
		<Pt>120.0,159.0</Pt>
		<Pt>118.0,159.0</Pt>
		<Pt>118.0,160.0</Pt>
		<Pt>117.0,160.0</Pt>
		<Pt>117.0,161.0</Pt>
		<Pt>116.0,161.0</Pt>
		<Pt>116.0,163.0</Pt>
		<Pt>118.0,163.0</Pt>
		<Pt>118.0,164.0</Pt>
		<Pt>120.0,164.0</Pt>
		<Pt>120.0,165.0</Pt>
		<Pt>121.0,165.0</Pt>
		<Pt>121.0,167.0</Pt>
		<Pt>126.0,167.0</Pt>
		<Pt>126.0,168.0</Pt>
		<Pt>127.0,168.0</Pt>
		<Pt>127.0,173.0</Pt>
		<Pt>128.0,173.0</Pt>
		<Pt>128.0,174.0</Pt>
		<Pt>127.0,174.0</Pt>
		<Pt>127.0,179.0</Pt>
		<Pt>126.0,179.0</Pt>
		<Pt>126.0,181.0</Pt>
		<Pt>123.0,181.0</Pt>
		<Pt>123.0,180.0</Pt>
		<Pt>122.0,180.0</Pt>
		<Pt>122.0,179.0</Pt>
		<Pt>120.0,179.0</Pt>
		<Pt>120.0,184.0</Pt>
		<Pt>118.0,184.0</Pt>
		<Pt>118.0,185.0</Pt>
		<Pt>117.0,185.0</Pt>
		<Pt>117.0,182.0</Pt>
		<Pt>115.0,182.0</Pt>
		<Pt>115.0,183.0</Pt>
		<Pt>114.0,183.0</Pt>
		<Pt>114.0,186.0</Pt>
		<Pt>113.0,186.0</Pt>
		<Pt>113.0,191.0</Pt>
		<Pt>112.0,191.0</Pt>
		<Pt>112.0,193.0</Pt>
		<Pt>107.0,193.0</Pt>
		<Pt>107.0,192.0</Pt>
		<Pt>105.0,192.0</Pt>
		<Pt>105.0,191.0</Pt>
		<Pt>104.0,191.0</Pt>
		<Pt>104.0,190.0</Pt>
		<Pt>103.0,190.0</Pt>
		<Pt>103.0,189.0</Pt>
		<Pt>102.0,189.0</Pt>
		<Pt>102.0,188.0</Pt>
		<Pt>100.0,188.0</Pt>
		<Pt>100.0,187.0</Pt>
		<Pt>99.0,187.0</Pt>
		<Pt>99.0,185.0</Pt>
		<Pt>98.0,185.0</Pt>
		<Pt>98.0,184.0</Pt>
		<Pt>99.0,184.0</Pt>
		<Pt>99.0,182.0</Pt>
		<Pt>100.0,182.0</Pt>
		<Pt>100.0,181.0</Pt>
		<Pt>102.0,181.0</Pt>
		<Pt>102.0,180.0</Pt>
		<Pt>98.0,180.0</Pt>
		<Pt>98.0,176.0</Pt>
		<Pt>97.0,176.0</Pt>
		<Pt>97.0,175.0</Pt>
		<Pt>96.0,175.0</Pt>
		<Pt>96.0,174.0</Pt>
		<Pt>95.0,174.0</Pt>
		<Pt>95.0,173.0</Pt>
		<Pt>94.0,173.0</Pt>
		<Pt>94.0,172.0</Pt>
		<Pt>93.0,172.0</Pt>
		<Pt>93.0,171.0</Pt>
		<Pt>92.0,171.0</Pt>
		<Pt>92.0,170.0</Pt>
		<Pt>91.0,170.0</Pt>
		<Pt>91.0,168.0</Pt>
		<Pt>90.0,168.0</Pt>
		<Pt>90.0,165.0</Pt>
		<Pt>89.0,165.0</Pt>
		<Pt>89.0,163.0</Pt>
		<Pt>88.0,163.0</Pt>
		<Pt>88.0,161.0</Pt>
		<Pt>87.0,161.0</Pt>
		<Pt>87.0,159.0</Pt>
		<Pt>88.0,159.0</Pt>
		<Pt>88.0,156.0</Pt>
		<Pt>89.0,156.0</Pt>
		<Pt>89.0,155.0</Pt>
		<Pt>88.0,155.0</Pt>
		<Pt>88.0,154.0</Pt>
		<Pt>90.0,154.0</Pt>
		<Pt>90.0,153.0</Pt>
		<Pt>91.0,153.0</Pt>
		<Pt>91.0,151.0</Pt>
		<Pt>93.0,151.0</Pt>
		<Pt>93.0,150.0</Pt>
		<Pt>94.0,150.0</Pt>
		<Pt>94.0,149.0</Pt>
		<Pt>95.0,149.0</Pt>
		<Pt>95.0,147.0</Pt>
		<Pt>96.0,147.0</Pt>
		<Pt>96.0,146.0</Pt>
		<Pt>97.0,146.0</Pt>
		<Pt>97.0,145.0</Pt>
		<Pt>99.0,145.0</Pt>
		<Pt>99.0,144.0</Pt>
		<Pt>101.0,144.0</Pt>
		<Pt>101.0,142.0</Pt>
		<Pt>102.0,142.0</Pt>
		<Pt>102.0,141.0</Pt>
		<Pt>103.0,141.0</Pt>
		<Pt>103.0,140.0</Pt>
		<Pt>104.0,140.0</Pt>
	</Contour>
	<Contour>
		<Slice-number>13</Slice-number>
		<Pt>83.0,159.0</Pt>
		<Pt>84.0,159.0</Pt>
		<Pt>84.0,160.0</Pt>
		<Pt>85.0,160.0</Pt>
		<Pt>85.0,161.0</Pt>
		<Pt>86.0,161.0</Pt>
		<Pt>86.0,164.0</Pt>
		<Pt>87.0,164.0</Pt>
		<Pt>87.0,167.0</Pt>
		<Pt>88.0,167.0</Pt>
		<Pt>88.0,168.0</Pt>
		<Pt>90.0,168.0</Pt>
		<Pt>90.0,171.0</Pt>
		<Pt>91.0,171.0</Pt>
		<Pt>91.0,172.0</Pt>
		<Pt>92.0,172.0</Pt>
		<Pt>92.0,174.0</Pt>
		<Pt>94.0,174.0</Pt>
		<Pt>94.0,175.0</Pt>
		<Pt>95.0,175.0</Pt>
		<Pt>95.0,181.0</Pt>
		<Pt>96.0,181.0</Pt>
		<Pt>96.0,183.0</Pt>
		<Pt>95.0,183.0</Pt>
		<Pt>95.0,182.0</Pt>
		<Pt>94.0,182.0</Pt>
		<Pt>94.0,181.0</Pt>
		<Pt>93.0,181.0</Pt>
		<Pt>93.0,180.0</Pt>
		<Pt>92.0,180.0</Pt>
		<Pt>92.0,179.0</Pt>
		<Pt>91.0,179.0</Pt>
		<Pt>91.0,178.0</Pt>
		<Pt>90.0,178.0</Pt>
		<Pt>90.0,177.0</Pt>
		<Pt>89.0,177.0</Pt>
		<Pt>89.0,175.0</Pt>
		<Pt>88.0,175.0</Pt>
		<Pt>88.0,174.0</Pt>
		<Pt>87.0,174.0</Pt>
		<Pt>87.0,172.0</Pt>
		<Pt>86.0,172.0</Pt>
		<Pt>86.0,171.0</Pt>
		<Pt>85.0,171.0</Pt>
		<Pt>85.0,167.0</Pt>
		<Pt>84.0,167.0</Pt>
		<Pt>84.0,165.0</Pt>
		<Pt>83.0,165.0</Pt>
		<Pt>83.0,164.0</Pt>
		<Pt>81.0,164.0</Pt>
		<Pt>81.0,162.0</Pt>
		<Pt>82.0,162.0</Pt>
		<Pt>82.0,160.0</Pt>
		<Pt>83.0,160.0</Pt>
	</Contour>
	<Contour>
		<Slice-number>13</Slice-number>
		<Pt>112.0,193.0</Pt>
		<Pt>117.0,193.0</Pt>
		<Pt>117.0,194.0</Pt>
		<Pt>113.0,194.0</Pt>
		<Pt>112.0,194.0</Pt>
	</Contour>
	<Contour>
		<Slice-number>14</Slice-number>
		<Pt>109.0,138.0</Pt>
		<Pt>112.0,138.0</Pt>
		<Pt>112.0,139.0</Pt>
		<Pt>114.0,139.0</Pt>
		<Pt>114.0,140.0</Pt>
		<Pt>115.0,140.0</Pt>
		<Pt>115.0,141.0</Pt>
		<Pt>116.0,141.0</Pt>
		<Pt>116.0,142.0</Pt>
		<Pt>118.0,142.0</Pt>
		<Pt>118.0,143.0</Pt>
		<Pt>122.0,143.0</Pt>
		<Pt>122.0,144.0</Pt>
		<Pt>119.0,144.0</Pt>
		<Pt>119.0,146.0</Pt>
		<Pt>120.0,146.0</Pt>
		<Pt>120.0,148.0</Pt>
		<Pt>121.0,148.0</Pt>
		<Pt>121.0,147.0</Pt>
		<Pt>122.0,147.0</Pt>
		<Pt>122.0,148.0</Pt>
		<Pt>124.0,148.0</Pt>
		<Pt>124.0,150.0</Pt>
		<Pt>125.0,150.0</Pt>
		<Pt>125.0,152.0</Pt>
		<Pt>126.0,152.0</Pt>
		<Pt>126.0,154.0</Pt>
		<Pt>127.0,154.0</Pt>
		<Pt>127.0,156.0</Pt>
		<Pt>128.0,156.0</Pt>
		<Pt>128.0,164.0</Pt>
		<Pt>124.0,164.0</Pt>
		<Pt>124.0,163.0</Pt>
		<Pt>123.0,163.0</Pt>
		<Pt>123.0,162.0</Pt>
		<Pt>121.0,162.0</Pt>
		<Pt>121.0,161.0</Pt>
		<Pt>119.0,161.0</Pt>
		<Pt>119.0,162.0</Pt>
		<Pt>118.0,162.0</Pt>
		<Pt>118.0,163.0</Pt>
		<Pt>117.0,163.0</Pt>
		<Pt>117.0,165.0</Pt>
		<Pt>122.0,165.0</Pt>
		<Pt>122.0,166.0</Pt>
		<Pt>123.0,166.0</Pt>
		<Pt>123.0,167.0</Pt>
		<Pt>124.0,167.0</Pt>
		<Pt>124.0,168.0</Pt>
		<Pt>126.0,168.0</Pt>
		<Pt>126.0,170.0</Pt>
		<Pt>127.0,170.0</Pt>
		<Pt>127.0,171.0</Pt>
		<Pt>128.0,171.0</Pt>
		<Pt>128.0,172.0</Pt>
		<Pt>127.0,172.0</Pt>
		<Pt>127.0,173.0</Pt>
		<Pt>126.0,173.0</Pt>
		<Pt>126.0,174.0</Pt>
		<Pt>127.0,174.0</Pt>
		<Pt>127.0,175.0</Pt>
		<Pt>128.0,175.0</Pt>
		<Pt>128.0,176.0</Pt>
		<Pt>130.0,176.0</Pt>
		<Pt>130.0,178.0</Pt>
		<Pt>127.0,178.0</Pt>
		<Pt>127.0,181.0</Pt>
		<Pt>126.0,181.0</Pt>
		<Pt>126.0,182.0</Pt>
		<Pt>125.0,182.0</Pt>
		<Pt>125.0,184.0</Pt>
		<Pt>123.0,184.0</Pt>
		<Pt>123.0,183.0</Pt>
		<Pt>119.0,183.0</Pt>
		<Pt>119.0,186.0</Pt>
		<Pt>120.0,186.0</Pt>
		<Pt>120.0,187.0</Pt>
		<Pt>121.0,187.0</Pt>
		<Pt>121.0,189.0</Pt>
		<Pt>118.0,189.0</Pt>
		<Pt>118.0,188.0</Pt>
		<Pt>117.0,188.0</Pt>
		<Pt>117.0,187.0</Pt>
		<Pt>115.0,187.0</Pt>
		<Pt>115.0,189.0</Pt>
		<Pt>114.0,189.0</Pt>
		<Pt>114.0,190.0</Pt>
		<Pt>112.0,190.0</Pt>
		<Pt>112.0,191.0</Pt>
		<Pt>113.0,191.0</Pt>
		<Pt>113.0,194.0</Pt>
		<Pt>114.0,194.0</Pt>
		<Pt>114.0,196.0</Pt>
		<Pt>110.0,196.0</Pt>
		<Pt>110.0,195.0</Pt>
		<Pt>109.0,195.0</Pt>
		<Pt>109.0,194.0</Pt>
		<Pt>107.0,194.0</Pt>
		<Pt>107.0,193.0</Pt>
		<Pt>106.0,193.0</Pt>
		<Pt>106.0,192.0</Pt>
		<Pt>104.0,192.0</Pt>
		<Pt>104.0,191.0</Pt>
		<Pt>103.0,191.0</Pt>
		<Pt>103.0,190.0</Pt>
		<Pt>101.0,190.0</Pt>
		<Pt>101.0,189.0</Pt>
		<Pt>100.0,189.0</Pt>
		<Pt>100.0,188.0</Pt>
		<Pt>99.0,188.0</Pt>
		<Pt>99.0,185.0</Pt>
		<Pt>101.0,185.0</Pt>
		<Pt>101.0,184.0</Pt>
		<Pt>102.0,184.0</Pt>
		<Pt>102.0,183.0</Pt>
		<Pt>101.0,183.0</Pt>
		<Pt>101.0,182.0</Pt>
		<Pt>99.0,182.0</Pt>
		<Pt>99.0,181.0</Pt>
		<Pt>98.0,181.0</Pt>
		<Pt>98.0,180.0</Pt>
		<Pt>97.0,180.0</Pt>
		<Pt>97.0,179.0</Pt>
		<Pt>94.0,179.0</Pt>
		<Pt>94.0,178.0</Pt>
		<Pt>92.0,178.0</Pt>
		<Pt>92.0,177.0</Pt>
		<Pt>91.0,177.0</Pt>
		<Pt>91.0,176.0</Pt>
		<Pt>90.0,176.0</Pt>
		<Pt>90.0,175.0</Pt>
		<Pt>89.0,175.0</Pt>
		<Pt>89.0,174.0</Pt>
		<Pt>88.0,174.0</Pt>
		<Pt>88.0,173.0</Pt>
		<Pt>87.0,173.0</Pt>
		<Pt>87.0,171.0</Pt>
		<Pt>88.0,171.0</Pt>
		<Pt>88.0,170.0</Pt>
		<Pt>89.0,170.0</Pt>
		<Pt>89.0,168.0</Pt>
		<Pt>88.0,168.0</Pt>
		<Pt>88.0,166.0</Pt>
		<Pt>89.0,166.0</Pt>
		<Pt>89.0,164.0</Pt>
		<Pt>90.0,164.0</Pt>
		<Pt>90.0,162.0</Pt>
		<Pt>91.0,162.0</Pt>
		<Pt>91.0,159.0</Pt>
		<Pt>93.0,159.0</Pt>
		<Pt>93.0,158.0</Pt>
		<Pt>94.0,158.0</Pt>
		<Pt>94.0,157.0</Pt>
		<Pt>95.0,157.0</Pt>
		<Pt>95.0,155.0</Pt>
		<Pt>96.0,155.0</Pt>
		<Pt>96.0,153.0</Pt>
		<Pt>97.0,153.0</Pt>
		<Pt>97.0,152.0</Pt>
		<Pt>98.0,152.0</Pt>
		<Pt>98.0,151.0</Pt>
		<Pt>99.0,151.0</Pt>
		<Pt>99.0,150.0</Pt>
		<Pt>100.0,150.0</Pt>
		<Pt>100.0,148.0</Pt>
		<Pt>101.0,148.0</Pt>
		<Pt>101.0,146.0</Pt>
		<Pt>102.0,146.0</Pt>
		<Pt>102.0,145.0</Pt>
		<Pt>103.0,145.0</Pt>
		<Pt>103.0,144.0</Pt>
		<Pt>104.0,144.0</Pt>
		<Pt>104.0,143.0</Pt>
		<Pt>105.0,143.0</Pt>
		<Pt>105.0,141.0</Pt>
		<Pt>106.0,141.0</Pt>
		<Pt>106.0,140.0</Pt>
		<Pt>108.0,140.0</Pt>
		<Pt>108.0,139.0</Pt>
		<Pt>109.0,139.0</Pt>
	</Contour>
	<Contour>
		<Slice-number>14</Slice-number>
		<Pt>126.0,166.0</Pt>
		<Pt>127.0,166.0</Pt>
		<Pt>127.0,168.0</Pt>
		<Pt>126.0,168.0</Pt>
		<Pt>126.0,167.0</Pt>
	</Contour>
	<Contour>
		<Slice-number>14</Slice-number>
		<Pt>117.0,191.0</Pt>
		<Pt>120.0,191.0</Pt>
		<Pt>120.0,192.0</Pt>
		<Pt>119.0,192.0</Pt>
		<Pt>119.0,193.0</Pt>
		<Pt>117.0,193.0</Pt>
		<Pt>117.0,192.0</Pt>
	</Contour>
	<Contour>
		<Slice-number>15</Slice-number>
		<Pt>111.0,139.0</Pt>
		<Pt>113.0,139.0</Pt>
		<Pt>113.0,140.0</Pt>
		<Pt>114.0,140.0</Pt>
		<Pt>114.0,141.0</Pt>
		<Pt>115.0,141.0</Pt>
		<Pt>115.0,142.0</Pt>
		<Pt>116.0,142.0</Pt>
		<Pt>116.0,143.0</Pt>
		<Pt>117.0,143.0</Pt>
		<Pt>117.0,145.0</Pt>
		<Pt>118.0,145.0</Pt>
		<Pt>118.0,146.0</Pt>
		<Pt>119.0,146.0</Pt>
		<Pt>119.0,148.0</Pt>
		<Pt>123.0,148.0</Pt>
		<Pt>123.0,149.0</Pt>
		<Pt>124.0,149.0</Pt>
		<Pt>124.0,150.0</Pt>
		<Pt>125.0,150.0</Pt>
		<Pt>125.0,151.0</Pt>
		<Pt>127.0,151.0</Pt>
		<Pt>127.0,152.0</Pt>
		<Pt>129.0,152.0</Pt>
		<Pt>129.0,154.0</Pt>
		<Pt>128.0,154.0</Pt>
		<Pt>128.0,156.0</Pt>
		<Pt>129.0,156.0</Pt>
		<Pt>129.0,158.0</Pt>
		<Pt>128.0,158.0</Pt>
		<Pt>128.0,162.0</Pt>
		<Pt>129.0,162.0</Pt>
		<Pt>129.0,163.0</Pt>
		<Pt>128.0,163.0</Pt>
		<Pt>128.0,167.0</Pt>
		<Pt>127.0,167.0</Pt>
		<Pt>127.0,171.0</Pt>
		<Pt>128.0,171.0</Pt>
		<Pt>128.0,172.0</Pt>
		<Pt>129.0,172.0</Pt>
		<Pt>129.0,173.0</Pt>
		<Pt>127.0,173.0</Pt>
		<Pt>127.0,172.0</Pt>
		<Pt>125.0,172.0</Pt>
		<Pt>125.0,171.0</Pt>
		<Pt>124.0,171.0</Pt>
		<Pt>124.0,170.0</Pt>
		<Pt>122.0,170.0</Pt>
		<Pt>122.0,172.0</Pt>
		<Pt>123.0,172.0</Pt>
		<Pt>123.0,173.0</Pt>
		<Pt>124.0,173.0</Pt>
		<Pt>124.0,175.0</Pt>
		<Pt>127.0,175.0</Pt>
		<Pt>127.0,176.0</Pt>
		<Pt>128.0,176.0</Pt>
		<Pt>128.0,180.0</Pt>
		<Pt>129.0,180.0</Pt>
		<Pt>129.0,182.0</Pt>
		<Pt>126.0,182.0</Pt>
		<Pt>126.0,184.0</Pt>
		<Pt>124.0,184.0</Pt>
		<Pt>124.0,185.0</Pt>
		<Pt>122.0,185.0</Pt>
		<Pt>122.0,184.0</Pt>
		<Pt>119.0,184.0</Pt>
		<Pt>119.0,187.0</Pt>
		<Pt>120.0,187.0</Pt>
		<Pt>120.0,191.0</Pt>
		<Pt>118.0,191.0</Pt>
		<Pt>118.0,192.0</Pt>
		<Pt>117.0,192.0</Pt>
		<Pt>117.0,193.0</Pt>
		<Pt>114.0,193.0</Pt>
		<Pt>114.0,192.0</Pt>
		<Pt>113.0,192.0</Pt>
		<Pt>113.0,193.0</Pt>
		<Pt>112.0,193.0</Pt>
		<Pt>112.0,194.0</Pt>
		<Pt>111.0,194.0</Pt>
		<Pt>111.0,196.0</Pt>
		<Pt>108.0,196.0</Pt>
		<Pt>108.0,195.0</Pt>
		<Pt>107.0,195.0</Pt>
		<Pt>107.0,194.0</Pt>
		<Pt>105.0,194.0</Pt>
		<Pt>105.0,193.0</Pt>
		<Pt>104.0,193.0</Pt>
		<Pt>104.0,192.0</Pt>
		<Pt>102.0,192.0</Pt>
		<Pt>102.0,191.0</Pt>
		<Pt>101.0,191.0</Pt>
		<Pt>101.0,192.0</Pt>
		<Pt>99.0,192.0</Pt>
		<Pt>99.0,188.0</Pt>
		<Pt>100.0,188.0</Pt>
		<Pt>100.0,186.0</Pt>
		<Pt>101.0,186.0</Pt>
		<Pt>101.0,183.0</Pt>
		<Pt>100.0,183.0</Pt>
		<Pt>100.0,181.0</Pt>
		<Pt>99.0,181.0</Pt>
		<Pt>99.0,177.0</Pt>
		<Pt>96.0,177.0</Pt>
		<Pt>96.0,175.0</Pt>
		<Pt>97.0,175.0</Pt>
		<Pt>97.0,172.0</Pt>
		<Pt>96.0,172.0</Pt>
		<Pt>96.0,170.0</Pt>
		<Pt>97.0,170.0</Pt>
		<Pt>97.0,167.0</Pt>
		<Pt>96.0,167.0</Pt>
		<Pt>96.0,165.0</Pt>
		<Pt>99.0,165.0</Pt>
		<Pt>99.0,164.0</Pt>
		<Pt>100.0,164.0</Pt>
		<Pt>100.0,162.0</Pt>
		<Pt>99.0,162.0</Pt>
		<Pt>99.0,160.0</Pt>
		<Pt>100.0,160.0</Pt>
		<Pt>100.0,157.0</Pt>
		<Pt>101.0,157.0</Pt>
		<Pt>101.0,155.0</Pt>
		<Pt>102.0,155.0</Pt>
		<Pt>102.0,154.0</Pt>
		<Pt>103.0,154.0</Pt>
		<Pt>103.0,153.0</Pt>
		<Pt>104.0,153.0</Pt>
		<Pt>104.0,151.0</Pt>
		<Pt>105.0,151.0</Pt>
		<Pt>105.0,149.0</Pt>
		<Pt>106.0,149.0</Pt>
		<Pt>106.0,148.0</Pt>
		<Pt>107.0,148.0</Pt>
		<Pt>107.0,145.0</Pt>
		<Pt>108.0,145.0</Pt>
		<Pt>108.0,144.0</Pt>
		<Pt>109.0,144.0</Pt>
		<Pt>109.0,142.0</Pt>
		<Pt>111.0,142.0</Pt>
		<Pt>111.0,140.0</Pt>
	</Contour>
	<Contour>
		<Slice-number>16</Slice-number>
		<Pt>113.0,143.0</Pt>
		<Pt>115.0,143.0</Pt>
		<Pt>115.0,144.0</Pt>
		<Pt>116.0,144.0</Pt>
		<Pt>116.0,145.0</Pt>
		<Pt>117.0,145.0</Pt>
		<Pt>117.0,146.0</Pt>
		<Pt>118.0,146.0</Pt>
		<Pt>118.0,147.0</Pt>
		<Pt>119.0,147.0</Pt>
		<Pt>119.0,148.0</Pt>
		<Pt>120.0,148.0</Pt>
		<Pt>120.0,149.0</Pt>
		<Pt>121.0,149.0</Pt>
		<Pt>121.0,150.0</Pt>
		<Pt>125.0,150.0</Pt>
		<Pt>125.0,151.0</Pt>
		<Pt>131.0,151.0</Pt>
		<Pt>131.0,152.0</Pt>
		<Pt>129.0,152.0</Pt>
		<Pt>129.0,158.0</Pt>
		<Pt>128.0,158.0</Pt>
		<Pt>128.0,159.0</Pt>
		<Pt>129.0,159.0</Pt>
		<Pt>129.0,160.0</Pt>
		<Pt>130.0,160.0</Pt>
		<Pt>130.0,163.0</Pt>
		<Pt>129.0,163.0</Pt>
		<Pt>129.0,164.0</Pt>
		<Pt>128.0,164.0</Pt>
		<Pt>128.0,166.0</Pt>
		<Pt>129.0,166.0</Pt>
		<Pt>129.0,169.0</Pt>
		<Pt>128.0,169.0</Pt>
		<Pt>128.0,171.0</Pt>
		<Pt>125.0,171.0</Pt>
		<Pt>125.0,169.0</Pt>
		<Pt>122.0,169.0</Pt>
		<Pt>122.0,171.0</Pt>
		<Pt>123.0,171.0</Pt>
		<Pt>123.0,172.0</Pt>
		<Pt>124.0,172.0</Pt>
		<Pt>124.0,175.0</Pt>
		<Pt>123.0,175.0</Pt>
		<Pt>123.0,177.0</Pt>
		<Pt>124.0,177.0</Pt>
		<Pt>124.0,178.0</Pt>
		<Pt>126.0,178.0</Pt>
		<Pt>126.0,179.0</Pt>
		<Pt>121.0,179.0</Pt>
		<Pt>121.0,182.0</Pt>
		<Pt>122.0,182.0</Pt>
		<Pt>122.0,183.0</Pt>
		<Pt>121.0,183.0</Pt>
		<Pt>121.0,187.0</Pt>
		<Pt>118.0,187.0</Pt>
		<Pt>118.0,190.0</Pt>
		<Pt>116.0,190.0</Pt>
		<Pt>116.0,191.0</Pt>
		<Pt>113.0,191.0</Pt>
		<Pt>113.0,190.0</Pt>
		<Pt>111.0,190.0</Pt>
		<Pt>111.0,189.0</Pt>
		<Pt>110.0,189.0</Pt>
		<Pt>110.0,183.0</Pt>
		<Pt>109.0,183.0</Pt>
		<Pt>109.0,181.0</Pt>
		<Pt>108.0,181.0</Pt>
		<Pt>108.0,180.0</Pt>
		<Pt>107.0,180.0</Pt>
		<Pt>107.0,179.0</Pt>
		<Pt>108.0,179.0</Pt>
		<Pt>108.0,177.0</Pt>
		<Pt>107.0,177.0</Pt>
		<Pt>107.0,173.0</Pt>
		<Pt>104.0,173.0</Pt>
		<Pt>104.0,172.0</Pt>
		<Pt>103.0,172.0</Pt>
		<Pt>103.0,171.0</Pt>
		<Pt>104.0,171.0</Pt>
		<Pt>104.0,170.0</Pt>
		<Pt>105.0,170.0</Pt>
		<Pt>105.0,167.0</Pt>
		<Pt>104.0,167.0</Pt>
		<Pt>104.0,165.0</Pt>
		<Pt>105.0,165.0</Pt>
		<Pt>105.0,162.0</Pt>
		<Pt>104.0,162.0</Pt>
		<Pt>104.0,160.0</Pt>
		<Pt>106.0,160.0</Pt>
		<Pt>106.0,159.0</Pt>
		<Pt>107.0,159.0</Pt>
		<Pt>107.0,155.0</Pt>
		<Pt>108.0,155.0</Pt>
		<Pt>108.0,151.0</Pt>
		<Pt>109.0,151.0</Pt>
		<Pt>109.0,150.0</Pt>
		<Pt>110.0,150.0</Pt>
		<Pt>110.0,148.0</Pt>
		<Pt>111.0,148.0</Pt>
		<Pt>111.0,146.0</Pt>
		<Pt>112.0,146.0</Pt>
		<Pt>112.0,144.0</Pt>
		<Pt>113.0,144.0</Pt>
	</Contour>
	<Contour>
		<Slice-number>16</Slice-number>
		<Pt>110.0,195.0</Pt>
		<Pt>111.0,195.0</Pt>
		<Pt>111.0,196.0</Pt>
		<Pt>110.0,196.0</Pt>
	</Contour>
	<Contour>
		<Slice-number>17</Slice-number>
		<Pt>116.0,147.0</Pt>
		<Pt>117.0,147.0</Pt>
		<Pt>117.0,148.0</Pt>
		<Pt>119.0,148.0</Pt>
		<Pt>119.0,149.0</Pt>
		<Pt>121.0,149.0</Pt>
		<Pt>121.0,151.0</Pt>
		<Pt>122.0,151.0</Pt>
		<Pt>122.0,153.0</Pt>
		<Pt>123.0,153.0</Pt>
		<Pt>123.0,154.0</Pt>
		<Pt>124.0,154.0</Pt>
		<Pt>124.0,155.0</Pt>
		<Pt>125.0,155.0</Pt>
		<Pt>125.0,157.0</Pt>
		<Pt>126.0,157.0</Pt>
		<Pt>126.0,158.0</Pt>
		<Pt>125.0,158.0</Pt>
		<Pt>125.0,160.0</Pt>
		<Pt>126.0,160.0</Pt>
		<Pt>126.0,159.0</Pt>
		<Pt>129.0,159.0</Pt>
		<Pt>129.0,161.0</Pt>
		<Pt>130.0,161.0</Pt>
		<Pt>130.0,164.0</Pt>
		<Pt>129.0,164.0</Pt>
		<Pt>129.0,165.0</Pt>
		<Pt>128.0,165.0</Pt>
		<Pt>128.0,166.0</Pt>
		<Pt>129.0,166.0</Pt>
		<Pt>129.0,168.0</Pt>
		<Pt>130.0,168.0</Pt>
		<Pt>130.0,169.0</Pt>
		<Pt>127.0,169.0</Pt>
		<Pt>127.0,171.0</Pt>
		<Pt>128.0,171.0</Pt>
		<Pt>128.0,173.0</Pt>
		<Pt>126.0,173.0</Pt>
		<Pt>126.0,172.0</Pt>
		<Pt>125.0,172.0</Pt>
		<Pt>125.0,171.0</Pt>
		<Pt>124.0,171.0</Pt>
		<Pt>124.0,169.0</Pt>
		<Pt>122.0,169.0</Pt>
		<Pt>122.0,168.0</Pt>
		<Pt>120.0,168.0</Pt>
		<Pt>120.0,169.0</Pt>
		<Pt>119.0,169.0</Pt>
		<Pt>119.0,170.0</Pt>
		<Pt>120.0,170.0</Pt>
		<Pt>120.0,172.0</Pt>
		<Pt>121.0,172.0</Pt>
		<Pt>121.0,173.0</Pt>
		<Pt>122.0,173.0</Pt>
		<Pt>122.0,176.0</Pt>
		<Pt>121.0,176.0</Pt>
		<Pt>121.0,177.0</Pt>
		<Pt>120.0,177.0</Pt>
		<Pt>120.0,176.0</Pt>
		<Pt>116.0,176.0</Pt>
		<Pt>116.0,174.0</Pt>
		<Pt>115.0,174.0</Pt>
		<Pt>115.0,172.0</Pt>
		<Pt>114.0,172.0</Pt>
		<Pt>114.0,171.0</Pt>
		<Pt>115.0,171.0</Pt>
		<Pt>115.0,169.0</Pt>
		<Pt>114.0,169.0</Pt>
		<Pt>114.0,168.0</Pt>
		<Pt>113.0,168.0</Pt>
		<Pt>113.0,167.0</Pt>
		<Pt>112.0,167.0</Pt>
		<Pt>112.0,164.0</Pt>
		<Pt>114.0,164.0</Pt>
		<Pt>114.0,161.0</Pt>
		<Pt>113.0,161.0</Pt>
		<Pt>113.0,159.0</Pt>
		<Pt>112.0,159.0</Pt>
		<Pt>112.0,152.0</Pt>
		<Pt>114.0,152.0</Pt>
		<Pt>114.0,153.0</Pt>
		<Pt>115.0,153.0</Pt>
		<Pt>115.0,150.0</Pt>
		<Pt>114.0,150.0</Pt>
		<Pt>114.0,149.0</Pt>
		<Pt>115.0,149.0</Pt>
		<Pt>115.0,148.0</Pt>
		<Pt>116.0,148.0</Pt>
	</Contour>
	<Contour>
		<Slice-number>17</Slice-number>
		<Pt>125.0,151.0</Pt>
		<Pt>129.0,151.0</Pt>
		<Pt>129.0,152.0</Pt>
		<Pt>134.0,152.0</Pt>
		<Pt>134.0,154.0</Pt>
		<Pt>132.0,154.0</Pt>
		<Pt>132.0,155.0</Pt>
		<Pt>131.0,155.0</Pt>
		<Pt>131.0,153.0</Pt>
		<Pt>129.0,153.0</Pt>
		<Pt>129.0,155.0</Pt>
		<Pt>127.0,155.0</Pt>
		<Pt>127.0,156.0</Pt>
		<Pt>126.0,156.0</Pt>
		<Pt>126.0,155.0</Pt>
		<Pt>125.0,155.0</Pt>
		<Pt>125.0,154.0</Pt>
		<Pt>124.0,154.0</Pt>
		<Pt>124.0,152.0</Pt>
		<Pt>125.0,152.0</Pt>
	</Contour>
	<Contour>
		<Slice-number>18</Slice-number>
		<Pt>117.0,150.0</Pt>
		<Pt>120.0,150.0</Pt>
		<Pt>120.0,151.0</Pt>
		<Pt>122.0,151.0</Pt>
		<Pt>122.0,152.0</Pt>
		<Pt>123.0,152.0</Pt>
		<Pt>123.0,153.0</Pt>
		<Pt>125.0,153.0</Pt>
		<Pt>125.0,154.0</Pt>
		<Pt>126.0,154.0</Pt>
		<Pt>126.0,156.0</Pt>
		<Pt>127.0,156.0</Pt>
		<Pt>127.0,157.0</Pt>
		<Pt>128.0,157.0</Pt>
		<Pt>128.0,158.0</Pt>
		<Pt>130.0,158.0</Pt>
		<Pt>130.0,160.0</Pt>
		<Pt>129.0,160.0</Pt>
		<Pt>129.0,162.0</Pt>
		<Pt>130.0,162.0</Pt>
		<Pt>130.0,165.0</Pt>
		<Pt>127.0,165.0</Pt>
		<Pt>127.0,164.0</Pt>
		<Pt>125.0,164.0</Pt>
		<Pt>125.0,163.0</Pt>
		<Pt>124.0,163.0</Pt>
		<Pt>124.0,162.0</Pt>
		<Pt>123.0,162.0</Pt>
		<Pt>123.0,161.0</Pt>
		<Pt>122.0,161.0</Pt>
		<Pt>122.0,160.0</Pt>
		<Pt>121.0,160.0</Pt>
		<Pt>121.0,159.0</Pt>
		<Pt>118.0,159.0</Pt>
		<Pt>118.0,161.0</Pt>
		<Pt>119.0,161.0</Pt>
		<Pt>119.0,162.0</Pt>
		<Pt>120.0,162.0</Pt>
		<Pt>120.0,163.0</Pt>
		<Pt>121.0,163.0</Pt>
		<Pt>121.0,164.0</Pt>
		<Pt>122.0,164.0</Pt>
		<Pt>122.0,166.0</Pt>
		<Pt>123.0,166.0</Pt>
		<Pt>123.0,167.0</Pt>
		<Pt>125.0,167.0</Pt>
		<Pt>125.0,168.0</Pt>
		<Pt>128.0,168.0</Pt>
		<Pt>128.0,167.0</Pt>
		<Pt>129.0,167.0</Pt>
		<Pt>129.0,172.0</Pt>
		<Pt>126.0,172.0</Pt>
		<Pt>126.0,171.0</Pt>
		<Pt>125.0,171.0</Pt>
		<Pt>125.0,170.0</Pt>
		<Pt>124.0,170.0</Pt>
		<Pt>124.0,169.0</Pt>
		<Pt>122.0,169.0</Pt>
		<Pt>122.0,168.0</Pt>
		<Pt>120.0,168.0</Pt>
		<Pt>120.0,167.0</Pt>
		<Pt>119.0,167.0</Pt>
		<Pt>119.0,166.0</Pt>
		<Pt>118.0,166.0</Pt>
		<Pt>118.0,164.0</Pt>
		<Pt>117.0,164.0</Pt>
		<Pt>117.0,160.0</Pt>
		<Pt>116.0,160.0</Pt>
		<Pt>116.0,159.0</Pt>
		<Pt>117.0,159.0</Pt>
		<Pt>117.0,155.0</Pt>
		<Pt>116.0,155.0</Pt>
		<Pt>116.0,151.0</Pt>
		<Pt>117.0,151.0</Pt>
	</Contour>
	<Contour>
		<Slice-number>19</Slice-number>
		<Pt>120.0,154.0</Pt>
		<Pt>122.0,154.0</Pt>
		<Pt>122.0,155.0</Pt>
		<Pt>123.0,155.0</Pt>
		<Pt>123.0,157.0</Pt>
		<Pt>122.0,157.0</Pt>
		<Pt>122.0,158.0</Pt>
		<Pt>123.0,158.0</Pt>
		<Pt>123.0,159.0</Pt>
		<Pt>124.0,159.0</Pt>
		<Pt>124.0,160.0</Pt>
		<Pt>125.0,160.0</Pt>
		<Pt>125.0,161.0</Pt>
		<Pt>126.0,161.0</Pt>
		<Pt>126.0,162.0</Pt>
		<Pt>127.0,162.0</Pt>
		<Pt>127.0,163.0</Pt>
		<Pt>129.0,163.0</Pt>
		<Pt>129.0,164.0</Pt>
		<Pt>132.0,164.0</Pt>
		<Pt>132.0,165.0</Pt>
		<Pt>126.0,165.0</Pt>
		<Pt>126.0,164.0</Pt>
		<Pt>125.0,164.0</Pt>
		<Pt>125.0,163.0</Pt>
		<Pt>124.0,163.0</Pt>
		<Pt>124.0,162.0</Pt>
		<Pt>123.0,162.0</Pt>
		<Pt>123.0,161.0</Pt>
		<Pt>122.0,161.0</Pt>
		<Pt>122.0,160.0</Pt>
		<Pt>121.0,160.0</Pt>
		<Pt>121.0,159.0</Pt>
		<Pt>120.0,159.0</Pt>
		<Pt>120.0,155.0</Pt>
	</Contour>
	<Contour>
		<Slice-number>19</Slice-number>
		<Pt>125.0,156.0</Pt>
		<Pt>132.0,156.0</Pt>
		<Pt>132.0,157.0</Pt>
		<Pt>133.0,157.0</Pt>
		<Pt>133.0,158.0</Pt>
		<Pt>131.0,158.0</Pt>
		<Pt>131.0,157.0</Pt>
		<Pt>130.0,157.0</Pt>
		<Pt>130.0,158.0</Pt>
		<Pt>129.0,158.0</Pt>
		<Pt>129.0,159.0</Pt>
		<Pt>127.0,159.0</Pt>
		<Pt>127.0,158.0</Pt>
		<Pt>126.0,158.0</Pt>
		<Pt>126.0,157.0</Pt>
		<Pt>125.0,157.0</Pt>
	</Contour>
	<Contour>
		<Slice-number>20</Slice-number>
		<Pt>128.0,161.0</Pt>
		<Pt>130.0,161.0</Pt>
		<Pt>130.0,165.0</Pt>
		<Pt>129.0,165.0</Pt>
		<Pt>129.0,166.0</Pt>
		<Pt>127.0,166.0</Pt>
		<Pt>127.0,164.0</Pt>
		<Pt>126.0,164.0</Pt>
		<Pt>126.0,162.0</Pt>
		<Pt>128.0,162.0</Pt>
	</Contour>
</VOI>
